email
emiliano@mangoycia.com
david@jeneratepr.com
stuart.donaghy@flintstudios.co.uk
luke@millerdigitalmarketing.co.uk
william.colbert@treetopgrowthstrategy.com
randall.ridley@gmail.com
alen@funnelflow.co.uk
kayla@parexcellencemarketing.com
aleksandar.radukin@homepage.rs
jason@lightraymarketing.ca
benbarkerseo@gmail.com
justin@attnagency.com
deep_desertz@yahoo.com
eviner@me.com
k.ford@cabstudios.co.uk
jonathan@321webmarketing.com
craig@craigmcconnel.com
clynch@innovativeflare.com
quique@panoramapress.net
christian@mycreativemark.com
colin@poddigital.co.uk
steven@zool.agency
victor@trialpro.com
byron@we-discover.com
daniel@rbddigital.com
maxcastroa@gmail.com
ariana@adapt-social.com
anton.hoelstad@gmail.com
aric@machete26.com
nobullwebsolutions@gmail.com
andy@andymorley.co.uk
amber@amberturrill.com
zhara@upperdog.co.uk
ben@ecuras.com
keith@puresem.com
anais@seakting.com
luke@brightdesign.co.uk
collin@schmelebeckppc.com
jeremy.medina@technologyadvice.com
james.gaubert@gmail.com
rob@seahawkmedia.com
gstein@ecomboostmedia.com
samer-bazzi@live.com
bulychev1982@gmail.com
cammyers@cammyers.com
ehygienics@gmail.com
sean@sweetrosestudios.com
taylor@olixo.com
kaspars@bestppcmarketing.com
yaniv@dynamicyield.com
zacchaeus.nifong@gmail.com
sasi@egrovesys.com
kenny@whynot.company
vin@wisebuzzllc.com
chad.g.norris@gmail.com
rachana@rachanareddy.co
mkeener@keenermarketingsolutions.com
charlie.harper7@gmail.com
dpeddle@rankstudy.com
hello@Webdirexion.com
bojan@alphaefficiency.com
matt@camerondigitalconsulting.com
jeffrey@newtheorycreative.com
gordon.carslaw@gmail.com
devildogmarketplace@gmail.com
mktngguy@gmail.com
bn@pallascommunication.hu
philip@nephilamarketing.com
simon@stafferton.co.uk
josh_hicks@simba7.com
eugen@kingdomrooms.no
brian@flowcandy.com
adam@a12i.com
kobirapu@gmail.com
dave@adzooma.com
evelynka.h@gmail.com
zoltan.fagyal@gmail.com
sean@businessnucleus.com
kodyl.wirth@gmail.com
adamminic@seoidaho.com
beverly@bestdigitalmarketinghub.com
mfinegold@strategic-media-inc.com
micah@ascendmarketingnow.com
jmsilva3@yahoo.com
andrew@savvyrevenue.com
amad@revealdigitalmarketing.com
catherine@tradingup.media
mediabuyer@gmail.com
jesper@wiederinc.com
jmcgarry@webworks.ie
remi@meridigital.com
robert@float.marketing
mate@interacticmedia.com
soheil@alphatrait.com
jason.woodford@sitevisibility.co.uk
carl@carlreed.co.uk
marc@3mediaweb.com
sarab1991@gmail.com
amiranda@marknetgroup.com
grognoni@webranking.it
cmordecai@wsismartmarketing.com
michealmcg91@gmail.com
jake@mossingconsulting.com
roberto.pesce@jetbrains.com
nv3media@gmail.com
joel@eastmoordigital.com
hana@insitus.es
kcooper@cloverpresscms.com
dgentilella@gmail.com
karina@onthemaps.com
seoprrocket@gmail.com
ashome@wemotif.com
chris@christopherkeisslinginternetmarketingseo.com
christo26@gmail.com
dianna@mercury8marketing.com
antoine@primelis.com
jo.webber@wowtech.com
ronan@ronankeane.com
knowalex81@gmail.com
ica.tomic@gmail.com
mark@integritycommerce.com
sahilduggal96@gmail.com
nick@immanagers.com
phyllis@phyllisgarland.com
olayinkatayo@gmail.com
blanca@binarybits.com
jen@controlaltdigital.com
josh@jgrasmick.com
kim@topodigitalsea.com
daniel@sparrowboost.com
dbooth@sigmaweb.co.uk
joshsalganik@gmail.com
wflieller@gmail.com
hiss.irm@gmail.com
carolinedoyle@cdfmarketingconsultancy.com
asif@marktechpost.com
wllhuang@yahoo.com
larry@searchmavericks.com
iscow001@gmail.com
tiffanie.honeyman@opgomarketing.com
dario.zocco.ramazzo@hotmail.com
matt@matttutt.me
matthew@ultimateseo.org
ryanredshaw@yahoo.com
connect.rayjohnston@gmail.com
elijah@theloopmarketing.com
dionplakos@gmail.com
oscar@myfinanceleads.com
mckay@fivestarcommerce.com
andrew.nevarez@nevaidmedia.com
jaklin@luaugroup.com
martin@advertisetheweb.com
andrew@spearegroup.com
nathan@bizop.io
artem@lira.agency
newconvertsamsterdam@gmail.com
adamb@hennessey.com
kylegeoffreyspencer@gmail.com
john@designmemarketing.com
nlesfrance@gmail.com
h.arakliev@hyperzon.io
keitha@gallienmarketing.com
diego@urbanitae.com
marinela@mendo-digital.com
mcotar@digimedia.si
jill@optimizedscribes.com
brandon@simplybettermedia.com
matt@infrontdigital.com
pimpmybrandname@gmail.com
maxwell@eaglerocketllc.com
joshb@straightforwardmedia.com
kemar@digiproseo.com
melissa@mywebrocketmedia.com
milosz.zajac@gmail.com
patryk.s@bdswiss.com
loeiza@monito.com
rawlingssusan@rocketmail.com
adenworth@woadigital.com
bboy131@hotmail.com
matt@measureandgrow.com
brad@thinkbigseo.com
cody@relativityseo.com
alacartegetaways@gmail.com
m.felicio@reply.com
lsaintot@solmax.com
mbonnier@stationnext.com
